{"cameraMode":{"drawMode":0,"name":"Shaded","section":"Shading Mode"},"sceneLighting":true,"audioPlay":false,"sceneViewState":{"showFog":true,"showMaterialUpdate":true,"showSkybox":true,"showFlares":true,"showImageEffects":true,"showParticleSystems":true},"in2DMode":false,"pivot":{"x":-3.6512937545776369,"y":3.0630900859832765,"z":-3.0948033332824709},"rotation":{"x":-0.059935808181762698,"y":0.5121054649353027,"z":-0.03585357591509819,"w":-0.856081485748291},"size":4.350872039794922,"orthographic":true}